Plate #	Well #	ID #	Nanodrop ng/ul	260/280	260/230	Qubit ng/ul	Project Leader		bruiser
1	A1	SCP-9	60.6	1.74	1.67	53.6	Greg Breed		
1	B1	BUL-4	63.64	1.75	1.54	31	Greg Breed		
1	C1	VT4-4	53.07	1.78	1.67	44.8	Greg Breed		
1	D1	VT1-7	51.11	1.65	1.44	22.6	Greg Breed		
1	E1	PIS-7	25.12	1.8	1.92	15.7	Greg Breed		
1	F1	PIS-12	36.28	1.74	1.61	33	Greg Breed		
1	G1	HARV-17L	22.81	1.72	1.71	17.3	Greg Breed		
1	H1	KEWS-17	44.53	1.77	1.7	24.4	Greg Breed		
1	A2	PIS-6	46.87	1.73	1.45	16.1	Greg Breed		
1	B2	BUL-7	12.23	2.12	1.84	9.54	Greg Breed		
1	C2	VT1-11	68.9	1.83	1.43	24.5	Greg Breed		
1	D2	SCP-8	28.86	1.79	1.79	19.2	Greg Breed		
1	E2	PIS-15	42.74	1.71	1.71	19.4	Greg Breed		
1	F2	SCP-10	46.54	1.8	1.92	19	Greg Breed		
1	G2	HARV-17H	210.2	1.72	0.85	27.4	Greg Breed		
1	H2	KEWS-16	58.26	1.8	1.69	31.5	Greg Breed		
1	A3	VT1-5	52.35	1.94	1.9	32.9	Greg Breed		
1	B3	PUCK-1	58.05	1.77	1.64	23.8	Greg Breed		
1	C3	VT1-6	62.84	1.8	1.73	46.2	Greg Breed		
1	D3	SCP-1	33.41	1.75	1.6	15.9	Greg Breed		
1	E3	SCP-11	18.79	1.69	1.61	9.48	Greg Breed		
1	F3	VT1-3	32.87	1.9	1.72	15.6	Greg Breed		
1	G3	HARV-2L	45.21	1.84	1.8	22.1	Greg Breed		
1	H3	WAP-14	66.15	1.81	1.75	36.4	Greg Breed		
1	A4	VT4-7	49.26	1.84	1.73	25.8	Greg Breed		
1	B4	ITH-1	60.58	1.72	1.54	34.3	Greg Breed		
1	C4	BUL-1	128.36	1.67	1.78	42.6	Greg Breed		
1	D4	PIS-5	28.59	1.76	1.67	16.4	Greg Breed		
1	E4	VT4-1	36.23	1.83	1.62	9.78	Greg Breed		
1	F4	KEWS-6	38.13	1.8	1.88	75.5	Greg Breed		
1	G4	HARV-2H	161.37	1.71	0.85	30.6	Greg Breed		
1	H4	NAV-10	60.91	1.81	1.78	33.2	Greg Breed		
1	A5	BUL-5	76.87	1.78	1.75	53.2	Greg Breed		
1	B5	PIS-3	50.55	1.82	1.65	32.7	Greg Breed		
1	C5	BUL-6	79.94	1.81	1.77	56.2	Greg Breed		
1	D5	PIS-13	34.17	1.81	1.75	26.5	Greg Breed		
1	E5	VT4-3	29.3	1.64	1.56	16.3	Greg Breed		
1	F5	KEWS-7	48.45	1.79	1.7	23.5	Greg Breed		
1	G5	WAP-11L	21.4	1.71	1.32	10.7	Greg Breed		
1	H5	WAP-10	54.62	1.77	1.63	29.5	Greg Breed		
1	A6	BUL-9	54.88	1.9	1.61	45.5	Greg Breed		
1	B6	SCP-2	61.21	1.8	1.59	31.6	Greg Breed		
1	C6	KEW -1	56.23	1.81	1.63	20.1	Greg Breed		
1	D6	SCP-4	18.11	1.76	1.45	9.36	Greg Breed		
1	E6	BUL-2	35.49	1.8	1.87	20.8	Greg Breed		
1	F6	KEWS-5	62.91	1.74	1.79	34.1	Greg Breed		
1	G6	WAP-11H	136.75	1.69	0.85	21.1	Greg Breed		
1	H6	NAV-1	42.83	1.69	1.38	20.4	Greg Breed		
1	A7	KEWS-2	60.08	1.75	1.67	30.7	Greg Breed		
1	B7	VT4-8	64.76	1.71	1.42	45.8	Greg Breed		
1	C7	ITH-11	53.6	1.75	1.67	26.8	Greg Breed		
1	D7	SCP-12	42.78	1.86	1.76	33.3	Greg Breed		
1	E7	SUR-10	26	1.8	1.6	14.5	Greg Breed		
1	F7	PUCK-2	35.58	1.77	1.7	15.2	Greg Breed		
1	G7	HARV-12L	63.29	1.71	1.74	40.5	Greg Breed		
1	H7	HARV-8	63.79	1.79	1.76	39.2	Greg Breed		
1	A8	ITH-14	51.63	1.75	1.6	24.5	Greg Breed		
1	B8	BUL-8	41.93	1.69	1.53	22.8	Greg Breed		
1	C8	ITH-9	40.58	1.8	1.75	29.3	Greg Breed		
1	D8	VT1-12	24.88	1.75	1.58	11.3	Greg Breed		
1	E8	SUR-4	35.38	1.8	1.38	17.2	Greg Breed		
1	F8	BUL-3	42.44	1.66	1.63	24.1	Greg Breed		
1	G8	HARV-12H	156.75	1.72	0.84	19.6	Greg Breed		
1	H8	HARV-3	64.76	1.8	1.68	37	Greg Breed		
1	A9	PIS-4	35.07	1.66	1.44	15.5	Greg Breed		
1	B9	SUM-1	44.6	1.89	1.78	19.8	Greg Breed		
1	C9	KEWS-3	41.7	1.77	1.74	21.6	Greg Breed		
1	D9	VT4-6	45.8	1.82	1.94	18.9	Greg Breed		
1	E9	SUR-13	15.93	1.92	1.57	8.21	Greg Breed		
1	F9	VT4-2	36.33	1.71	1.56	12	Greg Breed		
1	G9	HARV-1	67.92	1.79	1.66	42.1	Greg Breed		
1	H9	WAP-18	25.39	1.75	1.81	13.8	Greg Breed		
1	A10	SCP-5	51.35	1.78	1.55	30.4	Greg Breed		
1	B10	ITH-10	41.77	1.81	1.71	20.9	Greg Breed		
1	C10	BUL-11	50.08	1.74	1.77	26.2	Greg Breed		
1	D10	BUL-10	33.24	1.73	1.72	20.4	Greg Breed		
1	E10	KEWS-12	29.8	1.75	1.46	12	Greg Breed		
1	F10	SUR-9	28.65	1.79	1.65	15.9	Greg Breed		
1	G10	RI-6	47.56	1.79	1.59	24.5	Greg Breed		
1	H10	NAV-8	52.15	1.7	1.68	23.2	Greg Breed		
1	A11	VT1-8	59.51	1.78	1.55	25.8	Greg Breed		
1	B11	PIS-16	43.48	1.75	1.67	28.1	Greg Breed		
1	C11	VT1-9	68.81	1.84	1.85	39.2	Greg Breed		
1	D11	KEWS-4	35.72	1.78	1.79	26.1	Greg Breed		
1	E11	SUR-3	8.57	1.56	1.15	11.52	Greg Breed		
1	F11	SUR-12	38.83	1.79	1.67	15.8	Greg Breed		
1	G11	SUR-1	58.85	1.8	1.66	32.6	Greg Breed		
1	H11	HARV-13	56.18	1.74	1.6	28.3	Greg Breed		
1	A12	VT4-5	59.33	1.85	1.77	29.7	Greg Breed		
1	B12	VT1-10	48.49	1.8	1.6	15.4	Greg Breed		
1	C12	SCP-7	56.62	1.79	1.66	30.2	Greg Breed		
1	D12	KEWS-1	45.05	1.71	1.76	22.1	Greg Breed		
1	E12	PIS-1	30.1	1.99	1.64	16.7	Greg Breed		
1	F12	SUR-11	26.29	1.68	1.54	13.6	Greg Breed		
1	G12	KEWS-9	47.69	1.72	1.54	23.4	Greg Breed		
1	H12	HARV-19	67.7	1.74	1.55	36.4	Greg Breed		
2	A1	9604	28.49	1.74	1.43	0.125	Erin Campbell		
2	B1	9621	27.12	1.69	1.53	0.111	Erin Campbell		
2	C1	9633	39.38	1.93	2.25	0.0799	Erin Campbell		
2	D1	9646	21.01	1.89	1.62	0.0966	Erin Campbell		
2	E1	9660	41.54	1.8	1.64	0.201	Erin Campbell		
2	F1	9673	23.78	1.99	1.64	0.127	Erin Campbell		
2	G1	9685	54.35	1.73	1.39	0.23	Erin Campbell		
2	H1	9697	42.52	1.79	1.48	0.202	Erin Campbell		
2	A2	9605	27.16	1.72	1.39	0.107	Erin Campbell		
2	B2	9622	24.28	1.67	1.5	0.102	Erin Campbell		
2	C2	9634	30.26	1.77	1.74	0.122	Erin Campbell		
2	D2	9647	35.74	1.74	1.67	0.0904	Erin Campbell		
2	E2	9662	28.37	1.73	1.38	0.21	Erin Campbell		
2	F2	9674	20.89	1.65	1.41	0.0807	Erin Campbell		
2	G2	9686	42.93	1.75	1.34	0.168	Erin Campbell		
2	H2	9698	39.94	1.89	1.98	0.133	Erin Campbell		
2	A3	9607	30.73	1.75	1.2	0.104	Erin Campbell		
2	B3	9623	18.53	2.38	1.46	0.0671	Erin Campbell		
2	C3	9635	24.7	1.94	1.88	0.107	Erin Campbell		
2	D3	9648	32.51	1.64	1.61	0.14	Erin Campbell		
2	E3	9663	35.68	1.87	1.92	0.125	Erin Campbell		
2	F3	9675	36.16	1.72	1.16	0.152	Erin Campbell		
2	G3	9687	56.84	1.8	1.47	0.224	Erin Campbell		
2	H3	9699	41.33	1.76	1.48	0.203	Erin Campbell		
2	A4	9608	21.58	1.79	1.54	0.102	Erin Campbell		
2	B4	9624	27.81	2	1.59	0.0865	Erin Campbell		
2	C4	9636	31.34	1.78	1.93	0.0565	Erin Campbell		
2	D4	9650	29.38	1.77	1.57	0.0629	Erin Campbell		
2	E4	9664	49.85	1.73	1.56	0.0865	Erin Campbell		
2	F4	9676	73.3	1.74	1.35	0.314	Erin Campbell		
2	G4	9688	49.25	1.89	1.58	0.222	Erin Campbell		
2	H4	9700	46.59	1.86	2.33	0.254	Erin Campbell		
2	A5	9610	26.85	1.76	1.88	0.0954	Erin Campbell		
2	B5	9625	24.25	1.64	1.77	0.104	Erin Campbell		
2	C5	9637	37.76	1.79	1.87	0.049	Erin Campbell		
2	D5	9651	31.94	1.73	1.82	0.0523	Erin Campbell		
2	E5	9665	22.51	1.81	1.91	0.0185	Erin Campbell		
2	F5	9677	73.28	1.75	1.36	0.23	Erin Campbell		
2	G5	9689	49.23	1.81	1.56	0.281	Erin Campbell		
2	H5	9702	24.03	1.97	1.7	0.136	Erin Campbell		
2	A6	9611	23	1.74	1.57	0.0895	Erin Campbell		
2	B6	9626	30.88	1.8	1.58	0.0983	Erin Campbell		
2	C6	9638	34.52	1.75	1.7	0.159	Erin Campbell		
2	D6	9652	23.29	1.95	2.05	0.101	Erin Campbell		
2	E6	9666	30.93	1.82	1.61	0.118	Erin Campbell		
2	F6	9678	32.46	1.87	1.7	0.177	Erin Campbell		
2	G6	9690	71.66	1.82	1.54	0.373	Erin Campbell		
2	H6	9703	25.18	1.86	1.86	0.155	Erin Campbell		
2	A7	9613	35.54	1.77	2.03	0.173	Erin Campbell		
2	B7	9627	28.77	1.86	1.6	0.135	Erin Campbell		
2	C7	9639	30.09	1.78	1.96	0.0581	Erin Campbell		
2	D7	9653	23.2	1.77	2.11	0.0253	Erin Campbell		
2	E7	9667	21.31	1.79	1.42	0.0707	Erin Campbell		
2	F7	9679	52.79	1.81	1.55	0.206	Erin Campbell		
2	G7	9691	69.28	1.79	1.49	0.33	Erin Campbell		
2	H7	9704	78.23	1.85	1.97	0.366	Erin Campbell		
2	A8	9615	27.35	2.04	1.91	0.113	Erin Campbell		
2	B8	9628	28.93	1.77	1.88	0.0577	Erin Campbell		
2	C8	9641	41.28	1.77	2.23	0.0662	Erin Campbell		
2	D8	9654	40.98	1.88	2.06	0.0482	Erin Campbell		
2	E8	9668	21.59	1.77	2.23	0.116	Erin Campbell		
2	F8	9680	45.43	1.76	1.23	0.178	Erin Campbell		
2	G8	9692	57.13	1.84	1.66	0.294	Erin Campbell		
2	H8	9705	20.32	1.84	1.56	0.0869	Erin Campbell		
2	A9	9616	22.3	1.75	2.04	0.0513	Erin Campbell		
2	B9	9629	25.3	1.77	2.04	0.0359	Erin Campbell		
2	C9	9642	35.34	1.79	2.49	0.0297	Erin Campbell		
2	D9	9655	26.03	1.96	1.61	0.149	Erin Campbell		
2	E9	9669	36.82	1.88	1.62	0.118	Erin Campbell		
2	F9	9681	40.94	1.84	1.63	0.2	Erin Campbell		
2	G9	9693	103.77	1.84	1.78	0.539	Erin Campbell		
2	H9	8630	49.55	1.96	2.14	32	Bryan Brunet		
2	A10	9617	28.18	1.6	1.58	0.109	Erin Campbell		
2	B10	9630	19.54	1.89	1.35	0.0678	Erin Campbell		
2	C10	9643	4.59	1.75	2.09	0.0573	Erin Campbell		
2	D10	9656	34.3	1.8	1.35	0.155	Erin Campbell		
2	E10	9670	25.97	1.67	1.8	0.0438	Erin Campbell		
2	F10	9682	63.15	1.79	1.55	0.276	Erin Campbell		
2	G10	9694	46.86	1.86	1.65	0.213	Erin Campbell		
2	H10	8635	39.31	1.94	1.97	24.8	Bryan Brunet		
2	A11	9618	35.87	1.77	1.54	0.139	Erin Campbell		
2	B11	9631	26.87	1.85	1.57	0.105	Erin Campbell		
2	C11	9644	28.62	1.82	1.53	0.0402	Erin Campbell		
2	D11	9657	38.72	1.83	1.37	0.113	Erin Campbell		
2	E11	9671	42.1	1.84	1.73	0.204	Erin Campbell		
2	F11	9683	43.76	1.8	1.38	0.192	Erin Campbell		
2	G11	9695	52.17	1.84	1.43	0.216	Erin Campbell		
2	H11	8637	54.53	1.86	2.03	35.3	Bryan Brunet		
2	A12	9619	31.43	1.7	1.39	0.1	Erin Campbell		
2	B12	9632	33.81	1.74	1.31	0.105	Erin Campbell		
2	C12	9645	41.82	1.77	1.62	0.166	Erin Campbell		
2	D12	9659	42.11	1.84	1.58	0.173	Erin Campbell		
2	E12	9672	22.76	1.71	1.31	0.0907	Erin Campbell		
2	F12	9684	56.63	1.85	1.6	0.26	Erin Campbell		
2	G12	9696	73.71	1.82	1.65	0.251	Erin Campbell		
2	H12	8640	45.43	1.98	2.13	29.2	Bryan Brunet		
3	A1	7415	30.73	1.57	1.76	15.6	Giovanny Fagua		
3	B1	7434	16.43	2.08	2.09	14.2	Giovanny Fagua		
3	C1	7446	19.79	1.82	1.87	16.4	Giovanny Fagua		
3	D1	7458	154.41	1.81	1.11	24.5	Giovanny Fagua		
3	E1	7470	41.45	1.97	2.24	22.8	Giovanny Fagua		
3	F1	7482	12.77	1.96	1.57	6.9	Giovanny Fagua		
3	G1	7494	57.59	1.79	2.08	28.9	Giovanny Fagua		
3	H1	7506	61.3	1.83	2.15	41.3	Giovanny Fagua		
3	A2	7419	35.45	1.52	1.7	18.7	Giovanny Fagua		
3	B2	7435	71.48	1.99	1.99	20.9	Giovanny Fagua		
3	C2	7447	18.3	1.74	1.76	15.2	Giovanny Fagua		
3	D2	7459	425.77	1.68	0.9	92.2	Giovanny Fagua		
3	E2	7471	13.15	1.82	1.55	8.475	Giovanny Fagua		
3	F2	7483	33.05	1.77	1.75	19.25	Giovanny Fagua		
3	G2	7495	36.7	1.71	1.64	16.8	Giovanny Fagua		
3	H2	7507	69.1	1.82	2.05	49.7	Giovanny Fagua		
3	A3	7423	43.7	1.76	1.76	20.1	Giovanny Fagua		
3	B3	7436	28.51	2.05	1.78	25.8	Giovanny Fagua		
3	C3	7448	18.09	1.93	1.97	12.7	Giovanny Fagua		
3	D3	7460	393.38	1.69	0.88	18.4	Giovanny Fagua		
3	E3	7472	16.3	1.81	1.65	10.475	Giovanny Fagua		
3	F3	7484	14.8	1.43	1.39	6.56	Giovanny Fagua		
3	G3	7496	75.74	1.79	2.08	53.5	Giovanny Fagua		
3	H3	7508	63	1.78	1.86	42.2	Giovanny Fagua		
3	A4	7424	43.91	1.68	1.67	9.61	Giovanny Fagua		
3	B4	7437	10.16	1.86	1.79	8.04	Giovanny Fagua		
3	C4	7449	30.28	1.72	1.86	27	Giovanny Fagua		
3	D4	7461	171.02	1.79	1.02	21.1	Giovanny Fagua		
3	E4	7473	20.61	1.7	1.49	11.05	Giovanny Fagua		
3	F4	7485	17.83	1.56	1.13	8.55	Giovanny Fagua		
3	G4	7497	55.39	1.82	1.99	45	Giovanny Fagua		
3	H4	7509	48.37	1.8	2.07	31.6	Giovanny Fagua		
3	A5	7426	15.2	1.93	1.87	10.8	Giovanny Fagua		
3	B5	7438	21.35	1.96	1.92	14.9	Giovanny Fagua		
3	C5	7450	41.17	1.83	2.39	25.2	Giovanny Fagua		
3	D5	7462	337.46	1.73	0.95	57.6	Giovanny Fagua		
3	E5	7474	12.2	1.67	1.63	7.055	Giovanny Fagua		
3	F5	7486	21.51	1.72	1.63	10.45	Giovanny Fagua		
3	G5	7498	95.78	1.84	2.13	67	Giovanny Fagua		
3	H5	7453b	104.93	1.57	0.69	2.07	Giovanny Fagua		
3	A6	7427	25.77	1.84	1.88	18.5	Giovanny Fagua		
3	B6	7439	30.77	1.83	1.91	17.8	Giovanny Fagua		
3	C6	7451	48.98	1.81	2.14	22.3	Giovanny Fagua		
3	D6	7463	280.97	1.74	0.93	20.2	Giovanny Fagua		
3	E6	7475	27.52	1.87	2.15	21.4	Giovanny Fagua		
3	F6	7487	16.37	1.54	1.5	9.705	Giovanny Fagua		
3	G6	7499	77.49	1.81	1.98	50	Giovanny Fagua		
3	H6	7456b	122.85	1.59	0.71	2.64	Giovanny Fagua		
3	A7	7428	20.73	1.88	1.82	19.7	Giovanny Fagua		
3	B7	7440	28.88	1.66	1.79	17.2	Giovanny Fagua		
3	C7	7452	44.96	1.78	1.98	28.1	Giovanny Fagua		
3	D7	7464	313.5	1.71	0.88	50.7	Giovanny Fagua		
3	E7	7476	17.98	1.73	1.74	9.935	Giovanny Fagua		
3	F7	7488	51.6	1.8	2.05	22.95	Giovanny Fagua		
3	G7	7500	63.67	1.81	1.98	42.5	Giovanny Fagua		
3	H7	7457b	108.87	1.62	0.79	2.85	Giovanny Fagua		
3	A8	7429	36.88	2.15	1.87	11.8	Giovanny Fagua		
3	B8	7441	24.67	1.77	1.8	16.4	Giovanny Fagua		
3	C8	7453	453.98	1.71	0.97	47	Giovanny Fagua		
3	D8	7465	442.22	1.75	0.97	37.7	Giovanny Fagua		
3	E8	7477	10.95	1.82	1.86	7.705	Giovanny Fagua		
3	F8	7489	25.83	1.69	1.58	13.6	Giovanny Fagua		
3	G8	7501	70.61	1.84	2.08	43.7	Giovanny Fagua		
3	H8	7458b	52.07	1.62	0.82	1.43	Giovanny Fagua		
3	A9	7430	32.46	1.65	1.69	5.79	Giovanny Fagua		
3	B9	7442	15.54	1.87	1.95	12.1	Giovanny Fagua		
3	C9	7454	295.25	1.68	0.85	23.8	Giovanny Fagua		
3	D9	7466	61.63	1.88	2.01	41.3	Giovanny Fagua		
3	E9	7478	17.05	1.91	1.69	9.575	Giovanny Fagua		
3	F9	7490	49.62	1.81	2	30.45	Giovanny Fagua		
3	G9	7502	64.59	1.82	1.99	45.7	Giovanny Fagua		
3	H9	7459b	71.54	1.55	0.74	1.5	Giovanny Fagua		
3	A10	7431	21.55	2.08	1.81	7.03	Giovanny Fagua		
3	B10	7443	51.38	1.67	1.72	13.8	Giovanny Fagua		
3	C10	7455	339.73	1.7	0.88	13.2	Giovanny Fagua		
3	D10	7467	52.74	1.96	1.97	31.35	Giovanny Fagua		
3	E10	7479	13.76	1.86	1.72	7.825	Giovanny Fagua		
3	F10	7491	55.86	1.8	1.97	28.5	Giovanny Fagua		
3	G10	7503	59.81	1.82	2.04	41.4	Giovanny Fagua		
3	H10	7462b	86.91	1.61	0.81	1.99	Giovanny Fagua		
3	A11	7432	19.37	2	1.89	12.5	Giovanny Fagua		
3	B11	7444	24.79	1.73	2.12	17.2	Giovanny Fagua		
3	C11	7456	241.42	1.68	0.8	38.5	Giovanny Fagua		
3	D11	7468	21.02	1.84	2.1	14.2	Giovanny Fagua		
3	E11	7480	84.43	1.84	1.62	27.85	Giovanny Fagua		
3	F11	7492	46.36	1.8	2.15	24.35	Giovanny Fagua		
3	G11	7504	59.66	1.75	1.89	40.3	Giovanny Fagua		
3	H11	7464b	57.57	1.6	0.71	1.57	Giovanny Fagua		
3	A12	7433	19.98	2.59	2.51	11.3	Giovanny Fagua		
3	B12	7445	18.68	1.87	2.04	12.3	Giovanny Fagua		
3	C12	7457	490.09	1.71	1.02	49.7	Giovanny Fagua		
3	D12	7469	30.01	1.79	1.86	19.65	Giovanny Fagua		
3	E12	7481	45.77	1.85	1.55	18.8	Giovanny Fagua		
3	F12	7493	60.09	1.81	2.03	29.75	Giovanny Fagua		
3	G12	7505	69.32	1.77	1.94	45.8	Giovanny Fagua		
3	H12	7465b	143.71	1.59	0.75	3.5	Giovanny Fagua		
4	A1	9201	68.66	1.22	1.71	27.2	Christianne McDonald		
4	B1	9214	67.31	1.33	1.74	19	Christianne McDonald		
4	C1	9227	91.89	1.43	1.76	40.8	Christianne McDonald		
4	D1	9240	157.03	1.63	1.78	43.2	Christianne McDonald		
4	E1	9252	120.77	1.34	1.75	22.6	Christianne McDonald		
4	F1	9265	116.8	1.64	1.77	34.4	Christianne McDonald		
4	G1	9278	100.41	1.3	1.69	26.5	Christianne McDonald		
4	H1	9293	97.33	1.63	1.75	55.1	Christianne McDonald		
4	A2	9203	57.36	1.37	1.76	19.6	Christianne McDonald		
4	B2	9215	45.69	1.49	1.77	13.7	Christianne McDonald		
4	C2	9228	117.45	2.09	1.87	29.7	Christianne McDonald		
4	D2	9241	124.83	1.8	1.78	68.3	Christianne McDonald		
4	E2	9253	107.21	1.51	1.74	25.8	Christianne McDonald		
4	F2	9266	112.74	1.65	1.79	37.1	Christianne McDonald		
4	G2	9279	95.31	1.4	1.75	28.9	Christianne McDonald		
4	H2	9294	136.4	1.6	1.74	46	Christianne McDonald		
4	A3	9204	75.94	1.48	1.75	21.8	Christianne McDonald		
4	B3	9216	102.38	1.23	1.75	22.3	Christianne McDonald		
4	C3	9229	123.35	1.85	1.81	75.9	Christianne McDonald		
4	D3	9242	94.06	1.75	1.78	51.5	Christianne McDonald		
4	E3	9254	116.29	1.28	1.72	39.1	Christianne McDonald		
4	F3	9267	71.03	1.51	1.76	41.7	Christianne McDonald		
4	G3	9280	89.81	1.34	1.71	29	Christianne McDonald		
4	H3	9295	127.74	1.68	1.8	69.1	Christianne McDonald		
4	A4	9205	91.41	1.71	1.81	49.2	Christianne McDonald		
4	B4	9217	75.23	1.3	1.75	42.6	Christianne McDonald		
4	C4	9230	82.99	1.49	1.75	29.4	Christianne McDonald		
4	D4	9243	89.82	1.58	1.73	37.8	Christianne McDonald		
4	E4	9255	88.26	1.41	1.71	32.9	Christianne McDonald		
4	F4	9269	61.86	1.42	1.78	28.4	Christianne McDonald		
4	G4	9281	117.14	1.65	1.79	43.6	Christianne McDonald		
4	H4	9296	89.38	1.47	1.75	31.9	Christianne McDonald		
4	A5	9206	56.19	1.2	1.7	21.9	Christianne McDonald		
4	B5	9218	99.45	1.12	1.79	24.7	Christianne McDonald		
4	C5	9231	83.97	1.66	1.78	54.7	Christianne McDonald		
4	D5	9244	82.42	1.59	1.79	34.5	Christianne McDonald		
4	E5	9256	103.13	1.37	1.76	18.1	Christianne McDonald		
4	F5	9270	120.86	1.65	1.78	58.7	Christianne McDonald		
4	G5	9282	98.29	1.34	1.7	53.3	Christianne McDonald		
4	H5	9297	121.4	1.61	1.76	63.5	Christianne McDonald		
4	A6	9207	60.24	1.47	1.81	20.5	Christianne McDonald		
4	B6	9219	82.98	1.28	1.7	34.5	Christianne McDonald		
4	C6	9232	92.13	1.63	1.79	41.1	Christianne McDonald		
4	D6	9245	92.59	1.64	1.79	30.4	Christianne McDonald		
4	E6	9257	110.29	1.48	1.76	25.7	Christianne McDonald		
4	F6	9271	90	1.48	1.78	23.8	Christianne McDonald		
4	G6	9283	70.79	1.27	1.71	34.1	Christianne McDonald		
4	H6	9298	92.91	1.28	1.7	25.5	Christianne McDonald		
4	A7	9208	73.24	1.56	1.78	46.6	Christianne McDonald		
4	B7	9220	69.58	1.3	1.71	22.9	Christianne McDonald		
4	C7	9233	104.06	1.65	1.8	28.6	Christianne McDonald		
4	D7	9246	97.48	1.6	1.75	39.4	Christianne McDonald		
4	E7	9259	85.44	1.37	1.73	27.6	Christianne McDonald		
4	F7	9272	109.98	1.85	1.79	50.5	Christianne McDonald		
4	G7	9284	72.95	1.23	1.68	33.2	Christianne McDonald		
4	H7	9300	84.94	1.21	1.69	14.4	Christianne McDonald		
4	A8	9210	91.73	1.57	1.78	33.6	Christianne McDonald		
4	B8	9221	60.57	1.25	1.72	25.9	Christianne McDonald		
4	C8	9234	114.81	1.73	1.81	37.9	Christianne McDonald		
4	D8	9247	136.07	1.73	1.8	93.5	Christianne McDonald		
4	E8	9260	112.97	1.25	1.7	45.5	Christianne McDonald		
4	F8	9273	97.44	1.41	1.73	65.5	Christianne McDonald		
4	G8	9285	98.62	1.46	1.73	46.6	Christianne McDonald		
4	H8	9301	105.43	1.55	1.73	57.2	Christianne McDonald		
4	A9	9209	63.25	1.38	1.8	30.6	Christianne McDonald		
4	B9	9223	55.47	1.41	1.8	33.1	Christianne McDonald		
4	C9	9235	97.38	1.56	1.79	48.8	Christianne McDonald		
4	D9	9248	82.46	1.54	1.73	54.7	Christianne McDonald		
4	E9	9261	110.14	1.19	1.7	48.8	Christianne McDonald		
4	F9	9274	117.68	1.62	1.78	53.2	Christianne McDonald		
4	G9	9286	99.85	1.33	1.7	37.1	Christianne McDonald		
4	H9	9302	139.9	1.91	1.81	78.2	Christianne McDonald		
4	A10	9211	59.24	1.37	1.76	28.4	Christianne McDonald		
4	B10	9224	109.7	1.68	1.77	61.9	Christianne McDonald		
4	C10	9236	110.03	1.62	1.78	59.6	Christianne McDonald		
4	D10	9249	80.31	1.26	1.73	21.6	Christianne McDonald		
4	E10	9262	93.5	1.3	1.71	29	Christianne McDonald		
4	F10	9275	116.64	1.75	1.82	55	Christianne McDonald		
4	G10	9287	135.93	1.6	1.75	52.6	Christianne McDonald		
4	H10	9303	131.7	1.55	1.68	68.2	Christianne McDonald		
4	A11	9212	70.58	1.32	1.79	43.7	Christianne McDonald		
4	B11	9225	88.03	1.61	1.78	37.4	Christianne McDonald		
4	C11	9237	96.13	1.6	1.78	70.2	Christianne McDonald		
4	D11	9250	103.51	1.71	1.78	53.4	Christianne McDonald		
4	E11	9263	135.9	1.42	1.75	41.4	Christianne McDonald		
4	F11	9276	93.71	1.32	1.75	46.4	Christianne McDonald		
4	G11	9289	88.58	1.35	1.69	21.7	Christianne McDonald		
4	H11	9304	123.91	1.55	1.76	65.6	Christianne McDonald		
4	A12	9213	68.43	1.25	1.72	27.5	Christianne McDonald		
4	B12	9226	96.8	1.5	1.76	35	Christianne McDonald		
4	C12	9239	55.49	1.66	1.8	29.4	Christianne McDonald		
4	D12	9251	124.52	1.44	1.74	56.6	Christianne McDonald		
4	E12	9264	80.9	1.22	1.71	29.7	Christianne McDonald		
4	F12	9277	91.02	1.42	1.75	22.6	Christianne McDonald		
4	G12	9290	107.36	1.63	1.77	52.4	Christianne McDonald		
4	H12	9305	117.63	1.52	1.76	46	Christianne McDonald		
5	A1	Acleris 0001	39.5	2.29	1.9	5.03	Jasmine Janes		
5	B1	Acleris 0003	17.9	3.09	1.84	2.49	Jasmine Janes		
5	C1	Acleris 0004	24.2	2.64	1.96	3.62	Jasmine Janes		
5	D1	Acleris 0006	56.1	2.3	1.9	8.74	Jasmine Janes		
5	E1	Acleris 0007	19.9	2.54	1.64	4.01	Jasmine Janes		
5	F1	Acleris 0008	8.2	5	1.62	3.65	Jasmine Janes		
5	G1	Acleris 0009	58.2	2.26	2.12	4.86	Jasmine Janes		
5	H1	Acleris 0010	63.5	2.33	2.04	5.65	Jasmine Janes		
5	A2	M033-11-02-05-DA41	446.6	2.1	2.59	26.1	Stephen Trevoy		
5	B2	M033-06-01-05-DA126	739.4	2.12	2.04	27.8	Stephen Trevoy		
5	C2	M033-07-01-09-DA36	542.3	2.08	2.46	30.3	Stephen Trevoy		
5	D2	M004-13-01-1D-G14-DA01	225.2	2.19	2.04	15.2	Stephen Trevoy		
5	E2	M004-13-01-5ST-G36-DA02	233.5	2.2	2.23	12.8	Stephen Trevoy		
5	F2	M004-13-01-2F-G24-DA01	242.4	2.18	2.1	14.8	Stephen Trevoy		
5	G2	M004-13-01-2D-G05-DA01	209.5	1.96	1.2	16.7	Stephen Trevoy		
5	H2	M024-07-01-02-DA07	1396	2.14	1.9	20	Stephen Trevoy		
5	A3	LL-06	181.6	2.14		20	Stephen Trevoy		
5	B3	NG-38	182.2	2.06		20	Stephen Trevoy		
5	C3	RR-45	124.2	2.15		20	Stephen Trevoy		
5	D3	QU-48	137.9	2.22		20	Stephen Trevoy		
5	E3	JRDB030	91.26	1.79	1.77	65.9	Julian Dupuis		
5	F3	JRDB031	123.73	1.8	1.74	90.2	Julian Dupuis		
5	G3	JRDB032	116.46	1.81	2.03	84.4	Julian Dupuis		
5	H3	JRDB033	90.1	1.81	1.8	65	Julian Dupuis		
5	A4	JRDB034	107.94	1.81	1.95	81	Julian Dupuis		
5	B4	JRDB035	103.35	1.8	1.73	75.7	Julian Dupuis		
5	C4	JRDB036	123.85	1.8	2	95.2	Julian Dupuis		
5	D4	JRDB037	200.87	1.81	2.14	106	Julian Dupuis		
5	E4	JRDB038	144.04	1.84	2.2	107	Julian Dupuis		
5	F4	JRDB039	203.69	1.83	2.25	71.9	Julian Dupuis		
5	G4	JRDB040	156.14	1.84	2.32	90.2	Julian Dupuis		
5	H4	JRDB041	85.73	1.78	1.78	60.2	Julian Dupuis		
5	A5	JRDB042	172.88	1.89	2.38	123	Julian Dupuis		
5	B5	JRDB043	138.26	1.85	2.32	109	Julian Dupuis		
5	C5	JRDB044	331.5	1.78	2.32	375	Julian Dupuis		
5	D5	JRDB045	119.08	1.88	2.28	118	Julian Dupuis		
5	E5	JRDB046	138.15	1.9	2.26	95	Julian Dupuis		
5	F5	JRDB047	78.21	1.8	2.13	39.2	Julian Dupuis		
5	G5	JRDB048	147.54	1.84	1.99	107	Julian Dupuis		
5	H5	JRDB049	478.77	1.74	1.18	217	Julian Dupuis		
5	A6	JRDB050	117.58	1.87	2.13	87.7	Julian Dupuis		
5	B6	JRDB051	116.86	1.86	2.23	91.2	Julian Dupuis		
5	C6	JRDB015	86.18	1.82	1.94	65.4	Julian Dupuis		
5	D6	FS176	1465.3	2.15	2.51	64.1	Julian Dupuis		
5	E6	FS188	1696.3	2.18	2.55	53.8	Julian Dupuis		
5	F6	FS194	3064	2.13	2.43	66.5	Julian Dupuis		
5	G6	FS211	1364.2	2.13	2.05	65.9	Julian Dupuis		
5	H6	FS204	1349.1	2.16	2.43	47.9	Julian Dupuis		
5	A7	FS265	1476.8	2.13	2.48	44.4	Julian Dupuis		
5	B7	FS277	1344.7	2.12	2.22	57.5	Julian Dupuis		
5	C7	FS234	3107.4	2.12	2.41	64.4	Julian Dupuis		
5	D7	FS377	2642.3	2.14	2.44	60.4	Julian Dupuis		
5	E7	JRD185	479.51	1.75	1.4	133	Julian Dupuis		
5	F7	FS025	4370.7	0.98	1.42	151	Julian Dupuis		
5	G7	FS011	2241.5	1.87	1.64	444	Julian Dupuis		
5	H7	FS266	2396.9	2.14	2.45	49.1	Julian Dupuis		
5	A8	FS260	1145.6	2.15	2.46	59.4	Julian Dupuis		
5	B8	FS034	2979.9	2.05	1.97	337	Julian Dupuis		
5	C8	FS151	960.8	2.12	2.43	81.2	Julian Dupuis		
5	D8	FS210	2886	2.15	2.41	63.6	Julian Dupuis		
5	E8	FS329	3015.1	2.12	2.42	45.1	Julian Dupuis		
5	F8	FS152	2538.6	2.14	2.45	71.3	Julian Dupuis		
5	G8	FS155	3544.6	2.11	2.35	99.5	Julian Dupuis		
5	H8	FS157	3939.2	2.08	2.37	96.5	Julian Dupuis		
5	A9	JRDB023	120.09	1.78	1.53	73.2	Julian Dupuis		
5	B9	JRDB024	98	1.77	1.45	59.6	Julian Dupuis		
5	C9	JRDB025	93.95	1.79	1.6	55.8	Julian Dupuis		
5	D9	JRDB026	91.3	1.81	1.54	62.2	Julian Dupuis		
5	E9	JRDB027	90.67	1.74	1.45	47.2	Julian Dupuis		
5	F9	JRDB028	50.29	1.84	1.85	66.8	Julian Dupuis		
5	G9	JRDB029	113.97	1.84	1.71	60.9	Julian Dupuis		
5	H9	JRD329	443.65	1.81	1.9	670	Julian Dupuis		
5	A10	JRD332	146.81	1.79	1.83	126	Julian Dupuis		
5	B10	JRD150	214.11	1.8	1.75	245	Julian Dupuis		
5	C10	JRD151	188.07	1.79	1.77	175	Julian Dupuis		
5	D10	JRD225	84.48	1.87	1.85	20.4	Julian Dupuis		
5	E10	JRD227	121.47	1.81	1.7	95.2	Julian Dupuis		
5	F10	JRD229	137.43	1.74	1.18	86.6	Julian Dupuis		
5	G10	JRD183	73.7	1.72	1.24	57.4	Julian Dupuis		
5	H10	JRD184	64.63	1.67	0.79	28	Julian Dupuis		
5	A11	9306	88.37	1.59	1.72	49.4	Christianne McDonald		
5	B11	9308	77.18	1.45	1.76	30.5	Christianne McDonald		
5	C11	9310	161.85	1.56	1.76	56.3	Christianne McDonald		
5	D11	9312	98.86	1.36	1.7	33.2	Christianne McDonald		
5	E11	9315	119.86	1.62	1.77	32.1	Christianne McDonald		
5	F11	9317	119.41	1.66	1.76	40	Christianne McDonald		
5	G11	9319	168.61	1.73	1.8	67.4	Christianne McDonald		
5	H11	9322	83.21	1.28	1.67	40.1	Christianne McDonald		
5	A12	9307	100.98	1.52	1.75	53.2	Christianne McDonald		
5	B12	9309	140.65	1.72	1.79	64.3	Christianne McDonald		
5	C12	9311	172.15	1.79	1.79	62.8	Christianne McDonald		
5	D12	9313	117.61	1.58	1.77	42.9	Christianne McDonald		
5	E12	9316	102.36	1.53	1.74	33.2	Christianne McDonald		
5	F12	9318	76.88	1.14	1.67	21.2	Christianne McDonald		
5	G12	9321	120.73	1.57	1.74	77.3	Christianne McDonald		
5	H12	9323	98.12	1.35	1.72	40.9	Christianne McDonald		
6	A1	WAP-15	66.72	1.79	1.55	32.1	Greg Breed		
6	B1	RI-3	19.98	1.67	1.06	7.15	Greg Breed		
6	C1	VT8-2	66.06	1.83	2.2	42.7	Greg Breed		
6	D1	RI-8	63.76	1.74	1.78	36.5	Greg Breed		
6	E1	VT1-4	61.12	1.76	1.97	39.6	Greg Breed		
6	F1	9330	116.57	1.45	1.75	60.3	Christianne McDonald		
6	G1	9342	108.37	1.48	1.74	49.6	Christianne McDonald		
6	H1	9355	93.69	1.46	1.74	46.6	Christianne McDonald		
6	A2	WAP-19	49.6	1.74	1.58	27	Greg Breed		
6	B2	ITH-3	53.62	1.76	1.54	41.3	Greg Breed		
6	C2	VT8-3	45.54	1.81	2.02	30.2	Greg Breed		
6	D2	SUR-8	40.29	1.66	1.72	22.4	Greg Breed		
6	E2	ITH-2	67.66	1.71	1.83	39.5	Greg Breed		
6	F2	9331	105.46	1.47	1.75	54.2	Christianne McDonald		
6	G2	9343	163.09	1.91	1.83	44.2	Christianne McDonald		
6	H2	9358	84.64	1.95	1.83	57	Christianne McDonald		
6	A3	NAV-2	33.88	1.7	1.43	17.8	Greg Breed		
6	B3	WAP-17	20.13	1.81	1.32	186	Greg Breed		
6	C3	NAV-3	115.92	1.78	1.75	14.7	Greg Breed		
6	D3	SUR-5	38.69	1.7	1.74	22.3	Greg Breed		
6	E3	HARV-14	63.78	1.74	1.74	34.5	Greg Breed		
6	F3	9332	88.43	1.47	1.76	42.1	Christianne McDonald		
6	G3	9344	165.2	1.77	1.81	78.6	Christianne McDonald		
6	H3	9359	52.74	1.35	1.75	24.4	Christianne McDonald		
6	A4	HARV-10	37.62	1.7	1.45	23.9	Greg Breed		
6	B4	WAP-9	42.92	1.73	1.32	22.5	Greg Breed		
6	C4	NAV-6	16.34	1.6	1.63	10	Greg Breed		
6	D4	SUR-7	28.73	1.58	1.41	13.8	Greg Breed		
6	E4	VT1-2	45.3	1.78	1.87	27.8	Greg Breed		
6	F4	9333	123.36	1.43	1.73	59.2	Christianne McDonald		
6	G4	9345	73.63	1.31	1.69	22.1	Christianne McDonald		
6	H4	9360	65.29	1.34	1.72	31.2	Christianne McDonald		
6	A5	ITH-4	64.68	1.78	1.56	32.8	Greg Breed		
6	B5	RI-9	52.85	1.8	1.5	29.4	Greg Breed		
6	C5	NAV-7	33.55	1.67	1.52	18.5	Greg Breed		
6	D5	SUR-2	40.06	1.72	1.73	24.3	Greg Breed		
6	E5	ITH-7	70.24	1.73	1.87	41.8	Greg Breed		
6	F5	9334	97.93	1.41	1.74	37.4	Christianne McDonald		
6	G5	9346	98.7	1.39	1.72	18.2	Christianne McDonald		
6	H5	9361	93.42	1.53	1.77	50.8	Christianne McDonald		
6	A6	WAP-6	107.49	1.81	1.89	42.7	Greg Breed		
6	B6	HARV-20	66.83	1.75	1.62	40.9	Greg Breed		
6	C6	NAV-9	60.61	1.79	1.51	30	Greg Breed		
6	D6	PIS-2	43.85	1.68	1.48	22	Greg Breed		
6	E6	VT1-13	47.13	1.73	1.65	25.1	Greg Breed		
6	F6	9335	92.82	1.43	1.77	21.9	Christianne McDonald		
6	G6	9347	105.88	1.6	1.79	44.2	Christianne McDonald		
6	H6	9362	74.37	1.47	1.76	37	Christianne McDonald		
6	A7	WAP-4	51.04	1.87	1.52	24	Greg Breed		
6	B7	ITH-12	60.5	1.72	1.74	35.8	Greg Breed		
6	C7	ITH-13	30.62	1.72	1.84	18.2	Greg Breed		
6	D7	VT1-1	49.35	1.71	1.93	30.3	Greg Breed		
6	E7	SUR-6	41.32	1.69	1.71	19.4	Greg Breed		
6	F7	9336	157.43	1.46	1.77	36.7	Christianne McDonald		
6	G7	9348	106.93	1.73	1.79	29.3	Christianne McDonald		
6	H7	9363	59.6	1.62	1.8	32.3	Christianne McDonald		
6	A8	RI-2	46.26	1.78	1.64	69.3	Greg Breed		
6	B8	NCM-1	33.52	1.79	1.86	31.6	Greg Breed		
6	C8	RI-1	61.87	1.74	1.87	37.4	Greg Breed		
6	D8	NAV-5	15.34	1.6	1.12	7.38	Greg Breed		
6	E8	9324	91.01	1.94	1.79	22.5	Christianne McDonald		
6	F8	9337	99.61	1.48	1.74	24.7	Christianne McDonald		
6	G8	9349	121.89	1.57	1.77	55.4	Christianne McDonald		
6	H8	9364	86.51	1.49	1.76	46.3	Christianne McDonald		
6	A9	HARV-7	86.9	1.81	1.73	47.7	Greg Breed		
6	B9	NCM-2	39.79	1.65	1.93	23.4	Greg Breed		
6	C9	RI-4	56.23	1.77	1.84	35.7	Greg Breed		
6	D9	NAV-4	41.51	1.68	1.74	22.6	Greg Breed		
6	E9	9325	96.99	1.56	1.78	37.7	Christianne McDonald		
6	F9	9338	163.15	1.75	1.79	46.5	Christianne McDonald		
6	G9	9350	76	1.59	1.82	21.9	Christianne McDonald		
6	H9	9365	117.86	1.31	1.76	53.5	Christianne McDonald		
6	A10	ITH-5	109.31	1.81	1.51	59.9	Greg Breed		
6	B10	NCM-3	68.25	1.81	2.19	44.5	Greg Breed		
6	C10	RI-5	31.15	1.75	1.87	21.7	Greg Breed		
6	D10	ITH-6	87.47	1.79	1.87	51.5	Greg Breed		
6	E10	9326	95.96	1.35	1.72	30.8	Christianne McDonald		
6	F10	9339	128.42	1.78	1.78	64	Christianne McDonald		
6	G10	9352	96.02	1.24	1.72	26.1	Christianne McDonald		
6	H10	9366	95.04	1.4	1.73	44.8	Christianne McDonald		
6	A11	WAP-16	32.62	1.76	1.55	16.1	Greg Breed		
6	B11	NCM-4	65.83	1.75	2.02	34.9	Greg Breed		
6	C11	RI-7	43.42	1.65	1.76	27.6	Greg Breed		
6	D11	KEWS-15	35.76	1.66	1.44	18	Greg Breed		
6	E11	9327	110.42	1.54	1.74	48.7	Christianne McDonald		
6	F11	9340	144.79	1.77	1.83	66.5	Christianne McDonald		
6	G11	9353	122.34	1.41	1.76	56	Christianne McDonald		
6	H11	9367	126.54	1.59	1.79	69.3	Christianne McDonald		
6	A12	WAP-5	28.94	1.72	1.2	16.6	Greg Breed		
6	B12	VT8-1	60.67	1.82	1.88	35.4	Greg Breed		
6	C12	RI-10	63.62	1.75	1.83	36.2	Greg Breed		
6	D12	WAP-2	33.91	1.65	1.53	17.1	Greg Breed		
6	E12	9328	103.82	1.56	1.72	38.8	Christianne McDonald		
6	F12	9341	148.28	1.41	1.74	33.9	Christianne McDonald		
6	G12	9354	104.18	1.39	1.75	32.1	Christianne McDonald		
6	H12	9368	91.82	1.5	1.77	43.8	Christianne McDonald		
7	A1	6883	79.44	1.81	1.66	43	Bryan Brunet		
7	B1	6885	124.65	1.75	1.5	65.1	Bryan Brunet		
7	C1	6886	132.85	1.84	1.93	105	Bryan Brunet		
7	D1	6889	88.28	1.76	1.65	46.1	Bryan Brunet		
7	E1	6890	117.17	1.8	1.63	66.3	Bryan Brunet		
7	F1	6893	84.56	1.72	1.42	35.8	Bryan Brunet		
7	G1	6894	84.2	1.74	1.58	42.9	Bryan Brunet		
7	H1	6895	96.02	1.76	1.69	55.4	Bryan Brunet		
7	A2	6898	96.45	1.81	1.99	66.4	Bryan Brunet		
7	B2	6900	88.31	1.8	1.58	45.1	Bryan Brunet		
7	C2	7602	114.02	1.82	2.03	77	Bryan Brunet		
7	D2	7604	66.31	1.79	1.76	39.3	Bryan Brunet		
7	E2	7605	82.34	1.8	1.79	50.6	Bryan Brunet		
7	F2	7606	51.61	1.79	1.7	34.3	Bryan Brunet		
7	G2	7609	68.32	1.77	1.62	38.3	Bryan Brunet		
7	H2	7610	84.28	1.79	1.7	57.3	Bryan Brunet		
7	A3	7611	60.87	1.8	1.66	33.8	Bryan Brunet		
7	B3	7612	75.45	1.79	1.53	41.5	Bryan Brunet		
7	C3	7614	60.23	1.78	1.76	39.2	Bryan Brunet		
7	D3	7615	66.64	1.74	1.47	38.2	Bryan Brunet		
7	E3	7618	67.17	1.76	1.52	37	Bryan Brunet		
7	F3	7623	77.76	1.75	1.58	43.7	Bryan Brunet		
7	G3	7625	84.08	1.78	1.56	45.6	Bryan Brunet		
7	H3	7628	69.6	1.83	1.67	39	Bryan Brunet		
7	A4	7630	82.02	1.74	1.51	36.4	Bryan Brunet		
7	B4	7632	81.54	1.77	1.55	41.7	Bryan Brunet		
7	C4	7634	98.26	1.82	1.94	71.7	Bryan Brunet		
7	D4	7635	60.41	1.79	1.7	38.8	Bryan Brunet		
7	E4	7637	39.77	1.76	1.66	23	Bryan Brunet		
7	F4	7644	104.25	1.74	1.19	50.2	Bryan Brunet		
7	G4	7646	59.55	1.75	1.64	33.1	Bryan Brunet		
7	H4	7648	321.02	1.7	0.93	94	Bryan Brunet		
7	A5	7649	307.69	1.69	0.86	44	Bryan Brunet		
7	B5	7650	443.55	1.7	0.92	51.3	Bryan Brunet		
7	C5	7658	129.79	1.8	1.61	79.2	Bryan Brunet		
7	D5	7664	74.83	1.75	1.45	36.1	Bryan Brunet		
7	E5	7666	114.14	1.7	1.03	42.6	Bryan Brunet		
7	F5	7667	90.39	1.75	1.41	48.4	Bryan Brunet		
7	G5	7669	89.19	1.69	1.31	33.7	Bryan Brunet		
7	H5	7678	61.57	1.8	1.65	31.4	Bryan Brunet		
7	A6	7680	95.15	1.76	1.54	50.9	Bryan Brunet		
7	B6	7681	195.66	1.66	0.86	53.1	Bryan Brunet		
7	C6	7683	129.9	1.76	1.27	50.6	Bryan Brunet		
7	D6	7684	232.87	1.61	0.76	41.7	Bryan Brunet		
7	E6	7686	268.57	1.63	0.78	29.2	Bryan Brunet		
7	F6	7690	61.56	1.78	2.04	33.1	Bryan Brunet		
7	G6	7691	181.51	1.7	0.88	28.8	Bryan Brunet		
7	H6	7695	175.26	1.69	0.99	61.3	Bryan Brunet		
7	A7	7696	96.78	1.74	1.35	44.8	Bryan Brunet		
7	B7	7697	72.92	1.73	1.51	29.9	Bryan Brunet		
7	C7	7704	55.48	1.72	1.64	27	Bryan Brunet		
7	D7	7712	48.44	1.73	1.96	22.3	Bryan Brunet		
7	E7	7713	64.68	1.78	1.99	39.4	Bryan Brunet		
7	F7	8510	84.91	1.68	1.26	20.8	Bryan Brunet		
7	G7	8513	37.19	1.82	1.79	22.4	Bryan Brunet		
7	H7	7723	57.39	1.69	1.44	26.5	Bryan Brunet		
7	A8	7727	125.49	1.65	1.06	46.8	Bryan Brunet		
7	B8	8612	38.03	1.73	3.25	23.2	Bryan Brunet		
7	C8	7732	191	1.65	0.96	29	Bryan Brunet		
7	D8	8618	45.9	1.98	3	23.1	Bryan Brunet		
7	E8	7748	109.71	1.76	1.47	57.1	Bryan Brunet		
7	F8	7751	47.09	1.71	1.49	24.5	Bryan Brunet		
7	G8	7754	59.97	1.73	1.6	44.2	Bryan Brunet		
7	H8	7954	61.59	1.89	2.12	64.5	Bryan Brunet		
7	A9	7977	39.9	1.65	1.79	24.1	Bryan Brunet		
7	B9	7978	113.44	1.8	1.57	49.1	Bryan Brunet		
7	C9	7980	67.37	1.92	1.7	41.7	Bryan Brunet		
7	D9	7981	43.35	1.69	1.77	26	Bryan Brunet		
7	E9	7982	218.94	1.81	1.41	109	Bryan Brunet		
7	F9	7983	41.4	1.82	1.3	20.1	Bryan Brunet		
7	G9	7985	69.05	1.87	1.78	40.5	Bryan Brunet		
7	H9	7986	159.8	1.8	1.25	72.1	Bryan Brunet		
7	A10	7988	85.22	1.87	1.7	47.4	Bryan Brunet		
7	B10	7989	195.32	1.8	1.42	103	Bryan Brunet		
7	C10	7991	71.5	1.88	1.71	42.4	Bryan Brunet		
7	D10	7992	36.56	1.9	1.75	20.9	Bryan Brunet		
7	E10	7997	152.97	1.72	0.91	45.2	Bryan Brunet		
7	F10	7999	40.78	1.98	2.03	27.4	Bryan Brunet		
7	G10	8014	101.11	1.87	1.59	24.4	Bryan Brunet		
7	H10	8017	41.99	1.75	2.13	21.1	Bryan Brunet		
7	A11	8018	78.38	1.9	1.84	39.9	Bryan Brunet		
7	B11	8019	61.76	1.85	1.87	37	Bryan Brunet		
7	C11	8020	88	1.87	1.69	51.7	Bryan Brunet		
7	D11	8021	34.57	1.8	2.18	20.4	Bryan Brunet		
7	E11	8022	137.26	1.79	1.5	60	Bryan Brunet		
7	F11	8023	140.2	1.8	1.27	52.4	Bryan Brunet		
7	G11	8024	124.71	1.89	1.82	91.3	Bryan Brunet		
7	H11	8025	38.74	1.88	1.95	22	Bryan Brunet		
7	A12	8026	100.94	1.84	1.6	54	Bryan Brunet		
7	B12	8027	35.76	1.99	1.83	22.8	Bryan Brunet		
7	C12	8028	120.89	1.71	1.1	33.7	Bryan Brunet		
7	D12	8030	36.62	1.84	2.09	20.5	Bryan Brunet		
7	E12	8037	45.83	1.87	3.27	27.1	Bryan Brunet		
7	F12	8038	42.23	1.85	2.77	27.2	Bryan Brunet		
7	G12	8039	52.63	1.89	2.27	32.8	Bryan Brunet		
7	H12	8042	49.57	1.87	1.68	23.1	Bryan Brunet		
8	A1	8043	52.52	1.93	3.05	29.1	Bryan Brunet		
8	B1	8047	79.76	1.87	2.72	45.4	Bryan Brunet		
8	C1	8049	44.4	1.86	1.79	35.3	Bryan Brunet		
8	D1	8051	75	1.78	1.58	39.6	Bryan Brunet		
8	E1	8052	43.85	1.73	1.44	22.2	Bryan Brunet		
8	F1	8053	49.41	1.72	1.6	26.8	Bryan Brunet		
8	G1	8054	42.97	1.77	1.78	24.5	Bryan Brunet		
8	H1	8055	66.18	1.77	1.5	38.5	Bryan Brunet		
8	A2	8056	38.8	1.75	1.63	24	Bryan Brunet		
8	B2	8057	38.23	1.86	1.74	22.4	Bryan Brunet		
8	C2	8059	59.72	1.75	1.54	29.8	Bryan Brunet		
8	D2	8060	58.24	1.76	1.54	30.7	Bryan Brunet		
8	E2	8062	49.65	1.74	1.82	29.2	Bryan Brunet		
8	F2	8063	101.51	1.74	1.26	43.7	Bryan Brunet		
8	G2	8064	63.23	1.75	1.58	35.5	Bryan Brunet		
8	H2	8065	79.34	1.72	1.33	35.9	Bryan Brunet		
8	A3	8068	103.66	1.77	1.39	51.1	Bryan Brunet		
8	B3	8069	88.38	1.76	1.6	49.2	Bryan Brunet		
8	C3	8070	75.89	1.76	1.52	36	Bryan Brunet		
8	D3	8071	98.48	1.7	1.23	35.2	Bryan Brunet		
8	E3	8076	234.39	1.72	1.49	33.8	Bryan Brunet		
8	F3	8085	78.71	1.74	1.31	32.9	Bryan Brunet		
8	G3	8086	117.2	1.71	1.13	46.8	Bryan Brunet		
8	H3	8087	110.04	1.68	0.99	36.2	Bryan Brunet		
8	A4	8088	100.52	1.76	1.29	29.4	Bryan Brunet		
8	B4	8090	91.49	1.73	1.29	38.2	Bryan Brunet		
8	C4	8091	136.86	1.7	1.11	53.2	Bryan Brunet		
8	D4	8092	59.25	1.7	1.33	27.9	Bryan Brunet		
8	E4	8094	39.76	1.73	1.77	26.2	Bryan Brunet		
8	F4	8095	58.65	1.7	1.73	35.3	Bryan Brunet		
8	G4	8108	31.13	1.76	1.67	22.2	Bryan Brunet		
8	H4	8110	55.93	1.8	1.68	33.3	Bryan Brunet		
8	A5	8116	57.99	1.85	1.89	20.9	Bryan Brunet		
8	B5	8121	31.38	1.65	1.67	22.2	Bryan Brunet		
8	C5	8126	88.41	1.79	1.96	54.7	Bryan Brunet		
8	D5	8127	70.92	1.72	1.56	42.1	Bryan Brunet		
8	E5	8133	39.99	1.66	1.71	25.9	Bryan Brunet		
8	F5	8134	35.94	1.6	1.43	21	Bryan Brunet		
8	G5	8137	40.49	1.67	1.55	25.6	Bryan Brunet		
8	H5	8138	33.27	1.65	1.42	20.6	Bryan Brunet		
8	A6	8141	33.94	1.73	1.58	22.2	Bryan Brunet		
8	B6	8142	29.25	1.68	1.65	20.9	Bryan Brunet		
8	C6	8154	40.83	1.9	1.78	28.8	Bryan Brunet		
8	D6	8155	47.71	1.82	1.8	30.5	Bryan Brunet		
8	E6	8156	54.22	1.93	1.89	37.5	Bryan Brunet		
8	F6	8157	71.49	1.8	1.87	47.5	Bryan Brunet		
8	G6	8158	53.95	1.8	1.71	32.5	Bryan Brunet		
8	H6	8159	48.59	1.91	1.78	31.5	Bryan Brunet		
8	A7	8164	64.37	1.85	1.77	41.1	Bryan Brunet		
8	B7	8165	77.08	1.72	1.33	34.9	Bryan Brunet		
8	C7	8166	39.28	1.81	1.7	23.9	Bryan Brunet		
8	D7	8167	46.38	1.74	1.57	31.4	Bryan Brunet		
8	E7	8168	98.27	1.73	1.51	53.6	Bryan Brunet		
8	F7	8169	69.36	1.7	1.47	41.1	Bryan Brunet		
8	G7	8170	60.67	1.75	1.7	38.3	Bryan Brunet		
8	H7	8172	73.85	1.75	1.53	42.1	Bryan Brunet		
8	A8	8173	64.64	1.73	1.36	32.3	Bryan Brunet		
8	B8	8174	93.77	1.76	1.66	59	Bryan Brunet		
8	C8	8179	51.27	1.77	1.47	33.8	Bryan Brunet		
8	D8	8182	45.95	1.76	1.45	28.6	Bryan Brunet		
8	E8	8183	34.98	1.75	1.69	23.8	Bryan Brunet		
8	F8	8185	43.46	1.76	1.54	28.3	Bryan Brunet		
8	G8	8186	62.35	1.75	1.37	36.9	Bryan Brunet		
8	H8	8190	41.64	1.75	1.41	27.8	Bryan Brunet		
8	A9	8205	35.23	1.72	1.27	20	Bryan Brunet		
8	B9	8208	97.7	1.64	0.82	21.3	Bryan Brunet		
8	C9	8210	54.06	1.76	1.18	23	Bryan Brunet		
8	D9	8211	36.4	1.8	1.98	29.5	Bryan Brunet		
8	E9	8216	42.35	1.78	2.25	26.2	Bryan Brunet		
8	F9	8229	95.94	1.71	1.02	29.3	Bryan Brunet		
8	G9	8233	85.49	1.74	1.15	33.7	Bryan Brunet		
8	H9	8248	93.56	1.79	2.37	66.8	Bryan Brunet		
8	A10	8250	91.14	1.84	2.37	69.4	Bryan Brunet		
8	B10	8251	93.43	1.84	2.27	47.4	Bryan Brunet		
8	C10	8253	114.51	1.85	2.01	77.3	Bryan Brunet		
8	D10	8261	119.97	1.82	1.98	70.2	Bryan Brunet		
8	E10	8262	101.94	1.85	2.18	42	Bryan Brunet		
8	F10	8264	114.1	1.8	1.87	68.3	Bryan Brunet		
8	G10	8267	66.98	1.8	1.73	43.1	Bryan Brunet		
8	H10	8270	121.64	1.87	2.01	89.5	Bryan Brunet		
8	A11	8271	97.75	1.83	2.01	72	Bryan Brunet		
8	B11	8275	76.23	1.86	2.04	50.5	Bryan Brunet		
8	C11	8276	90.22	1.85	1.92	63	Bryan Brunet		
8	D11	8279	71.19	1.89	2.04	51.8	Bryan Brunet		
8	E11	8281	68.79	1.89	1.92	43.9	Bryan Brunet		
8	F11	8283	89.82	1.84	2.1	62	Bryan Brunet		
8	G11	8285	90.02	1.85	1.89	62.9	Bryan Brunet		
8	H11	8297	41.41	1.84	1.76	28.6	Bryan Brunet		
8	A12	8299	33.34	1.89	1.68	20.7	Bryan Brunet		
8	B12	8300	51.96	1.85	1.72	29.7	Bryan Brunet		
8	C12	8501	39.99	1.96	1.69	27.5	Bryan Brunet		
8	D12	8504	54.1	1.81	1.83	25.3	Bryan Brunet		
8	E12	8508	60.9	1.87	1.85	48.4	Bryan Brunet		
8	F12	8509	37.96	1.76	1.75	20.7	Bryan Brunet		
8	G12	8623	47.53	1.83	1.99	24.8	Bryan Brunet		
8	H12	8140	43.69	1.56	1.53	24.3	Bryan Brunet		
